{"tax_rate":0.07,"input_prices":[100.12,31.139,7.4122],"tax_included_prices":{"100.12":107.12840000000001,"31.14":33.31873,"7.41":7.9310540000000005}}
