{"tax_rate":0.15,"input_prices":[100.12,31.139,7.4122],"tax_included_prices":{"100.12":115.13799999999999,"31.14":35.80985,"7.41":8.52403}}
